[
  {
    "id": "DataKit",
    "title": "DataKit",
    "summary": "Handles routing, privacy, and storage for mCerebrum applications",
    "description": "Handles routing, privacy, and storage for mCerebrum applications",
    "download_from_github": "MD2Korg/mCerebrum-DataKit",
    "icon": "datakit.png"
  },
  {
    "id": "PhoneSensor",
    "title": "PhoneSensor",
    "summary": "Captures accelerometer, gyroscope, and location data from the phone",
    "description": "Captures accelerometer, gyroscope, and location data from the phone",
    "package_name":"org.md2k.phonesensor",
    "download_from_github": "MD2Korg/mCerebrum-PhoneSensor",
    "icon": "phonesensor.png"
  },
  {
    "id": "AutoSense",
    "title":"AutoSense",
    "summary": "Records ECG and respiration signals over ANT+ or BLE",
    "description": "Records ECG and respiration signals over ANT+ or BLE",
    "package_name":"org.md2k.autosense",
    "download_from_github": "MD2Korg/mCerebrum-AutoSense",
    "icon": "autosense.png"
  },
  {
    "id": "MotionSenseHRV",
    "title": "MotionSenseHRV",
    "summary": "Captures accelerometer, gyroscope, and PPG data over a BLE connection",
    "description": "Captures accelerometer, gyroscope, and PPG data over a BLE connection",
    "package_name":"org.md2k.motionsense",
    "download_from_github": "MD2Korg/mCerebrum-MotionSense",
    "icon": "motionsense.png"
  },
  {
    "id": "Scheduler",
    "title": "Scheduler",
    "summary": "Delivers EMA to capture EMA response from the user",
    "description": "Delivers EMA to capture EMA response from the user",
    "package_name":"org.md2k.scheduler",
    "download_from_github": "MD2Korg/mCerebrum-Scheduler",
    "icon": "scheduler.png"
  },
  {
    "id": "EMA",
    "title": "EMA",
    "summary": "Captures EMA response from the user",
    "description": "Captures EMA response from the user",
    "package_name":"org.md2k.ema",
    "download_from_github": "MD2Korg/mCerebrum-EMA",
    "icon": "ema.png"
  }
]